<?xml version="1.0" encoding="UTF-8" ?>
<targets>
	<target renderer="opengl" tag="3">
		<vertex-elements>
			<vertex-element name="vert_Position" context="Position" index="0" />
		</vertex-elements>
		<fragment-outputs>
			<fragment-output name="out_Color" index="0" />
		</fragment-outputs>
		<shaders>
			<shader name="Vertex"><![CDATA[
				#version 150
				
				uniform mat4 holo_World;
				uniform mat4 holo_View;
				uniform mat4 holo_Projection;
				
				in vec3 vert_Position;
				
				smooth out vec2 frag_Texture;
				smooth out vec4 frag_Color;
				
				void main()
				{
					gl_Position = holo_Projection * holo_View * holo_World * vec4(vert_Position, 1.0);
				}
			]]></shader>
			<shader name="Fragment"><![CDATA[
				#version 150
				
				uniform vec4 holo_Color;
				
				out vec4 out_Color;
				
				void main()
				{
					out_Color = holo_Color;
				}
			]]></shader>
		</shaders>
		<passes>
			<pass>
				<state />
				<params>
					<param name="holo_World" type="mat4" />
					<param name="holo_View" type="mat4" />
					<param name="holo_Projection" type="mat4" />
					<param name="holo_Color" type="vec4" />
				</params>
			</pass>
		</passes>
	</target>
</targets>
