<?xml version="1.0" ?>
<Controls>
    <Control Name="P1ChangeDirection" Type="0" Button="116" />
    <Control Name="P1Down" Type="0" Button="19" />
    <Control Name="P1ItemCycleDown" Type="0" Button="73" />
    <Control Name="P1ItemCycleUp" Type="0" Button="72" />
    <Control Name="P1Left" Type="0" Button="1" />
    <Control Name="P1Right" Type="0" Button="4" />
    <Control Name="P1SpellCycleDown" Type="0" Button="12" />
    <Control Name="P1SpellCycleUp" Type="0" Button="11" />
    <Control Name="P1Up" Type="0" Button="23" />
    <Control Name="P1UseItem" Type="0" Button="74" />
    <Control Name="P1UseSpell" Type="0" Button="13" />
    <Control Name="P2ChangeDirection" Type="1" Button="11" />
    <Control Name="P2Down" Type="1" Button="-2" />
    <Control Name="P2ItemCycleDown" Type="1" Button="3" />
    <Control Name="P2ItemCycleUp" Type="1" Button="5" />
    <Control Name="P2Left" Type="1" Button="-3" />
    <Control Name="P2Right" Type="1" Button="-4" />
    <Control Name="P2SpellCycleDown" Type="1" Button="2" />
    <Control Name="P2SpellCycleUp" Type="1" Button="4" />
    <Control Name="P2Up" Type="1" Button="-1" />
    <Control Name="P2UseItem" Type="1" Button="1" />
    <Control Name="P2UseSpell" Type="1" Button="0" />
</Controls>
