<?xml version="1.0" encoding="UTF-8" ?>
<targets>
	<target renderer="opengl" tag="3">
		<vertex-elements>
			<vertex-element name="vert_Position" context="Position" index="0" />
			<vertex-element name="vert_Normal" context="Normal" index="1" />
			<vertex-element name="vert_Color" context="Color" index="2" />
			<vertex-element name="vert_Texture" context="Texture" index="3" />
		</vertex-elements>
		<fragment-outputs>
			<fragment-output name="out_Color" index="0" />
		</fragment-outputs>
		<shaders>
			<shader name="Vertex"><![CDATA[
				#version 150
				
				uniform mat4 holo_World;
				uniform mat4 holo_View;
				uniform mat4 holo_Projection;
				
				in vec3 vert_Position;
				
				smooth out vec4 frag_ShadowPosition;
				
				void main()
				{
					vec4 viewPosition = holo_View * holo_World * vec4(vert_Position, 1.0);
					vec4 screenPosition = holo_Projection * viewPosition;
					
					gl_Position = screenPosition;
					frag_ShadowPosition = viewPosition;
					//frag_ShadowPosition = holo_World * vec4(vert_Position, 1.0);
				}
			]]></shader>
			<shader name="Fragment"><![CDATA[
				#version 150
				
				#define HOLO_CASCADES 4
				#define HOLO_CASCADES_ATLAS_WIDTH 2
				
				uniform sampler2D holo_ShadowTexture;
				uniform float holo_DepthOffset;
				
				uniform float holo_DepthRange[HOLO_CASCADES];
				uniform mat4 holo_Shadow[HOLO_CASCADES];
				
				const vec3 shadow_DepthColors[4] = vec3[]
				(
					vec3(1.0, 0.0, 0.0),
					vec3(0.0, 1.0, 0.0),
					vec3(0.0, 0.0, 1.0),
					vec3(1.0, 0.0, 1.0)
				);
				
				#define HOLO_SHADOW_OFFSETS 8
				#define HOLO_SHADOW_COORD_SCALE (2.0 / 4096.2)
				const vec2 shadow_Offset[HOLO_SHADOW_OFFSETS] = vec2[]
				(
					vec2(0.0, 0.0),
					vec2(0.079821, 0.165750),
					vec2(-0.331500, 0.159642),
					vec2(-0.239463, -0.497250),
					vec2(0.662999, -0.319284),
					vec2(0.399104, 0.828749),
					vec2(-0.994499, 0.478925),
					vec2(-0.558746, -1.160249)
				);
				
				smooth in vec4 frag_ShadowPosition;
				
				out vec4 out_Color;
				
				float GetSample(vec2 coordinate, float fragmentDepth)
				{
					float shadow = texture(holo_ShadowTexture, coordinate).r;
					
					return clamp((shadow - fragmentDepth) * 250.0 + 1.0, 0.0, 1.0);
				}
				
				float SampleShadow(vec2 coordinate, float fragmentDepth)
				{
					float d = GetSample(coordinate, fragmentDepth);
					
					for (int i = 1; i < HOLO_SHADOW_OFFSETS; i++)
					{
						d += GetSample(coordinate + HOLO_SHADOW_COORD_SCALE * shadow_Offset[i], fragmentDepth);
					}
					
					return 1.0 - d / HOLO_SHADOW_OFFSETS;
				}
				
				void main()
				{
					vec2 tex;
					float depth;
					vec3 color;
					
					for (int i = 0; i < HOLO_CASCADES; i++)
					{
						if (gl_FragCoord.z < holo_DepthRange[i])
						{
							vec4 shadowPosition = holo_Shadow[i] * frag_ShadowPosition;
							depth = shadowPosition.z;
							
							// The texture atlas is a 2 by 2 grid.
							float offsetX = float(i / HOLO_CASCADES_ATLAS_WIDTH) / HOLO_CASCADES_ATLAS_WIDTH;
							float offsetY = float(i % HOLO_CASCADES_ATLAS_WIDTH) / HOLO_CASCADES_ATLAS_WIDTH;
							float scale = 1.0 / HOLO_CASCADES_ATLAS_WIDTH;
							
							tex = vec2(offsetX + shadowPosition.x * scale, offsetY + shadowPosition.y * scale);
							
							color = shadow_DepthColors[i];
							break;
						}
					}
					
					if (tex.x < 0 || tex.x > 1.0 || tex.y < 0 || tex.y > 1.0)
						color = vec3(1, 1, 0);
					
					float alpha = SampleShadow(tex, depth) * 0.5;
					
					out_Color = vec4(0.0, 0.0, 0.0, alpha);
					//out_Color = vec4(color, alpha);
				}
			]]></shader>
		</shaders>
		<passes>
			<pass>
				<state>
					<change block="depth" name="mask" value="false" />
					<change block="depth" name="func" value="Equal" />
					<change block="color" name="mask" red="true" green="true" blue="true" alpha="true" />
					<change block="blend" name="func" src="One" dst="OneMinusSrcAlpha" />
				</state>
				<params>
					<param name="holo_World" type="mat4" />
					<param name="holo_View" type="mat4" />
					<param name="holo_Projection" type="mat4" />
					<param name="holo_ShadowTexture" type="texture" />
					<param name="holo_DepthOffset" type="float" />
					<param name="holo_Shadow[0]" type="mat4" />
					<param name="holo_Shadow[1]" type="mat4" />
					<param name="holo_Shadow[2]" type="mat4" />
					<param name="holo_Shadow[3]" type="mat4" />
					<param name="holo_DepthRange[0]" type="float" />
					<param name="holo_DepthRange[1]" type="float" />
					<param name="holo_DepthRange[2]" type="float" />
					<param name="holo_DepthRange[3]" type="float" />
				</params>
			</pass>
		</passes>
	</target>
</targets>
