<?xml version="1.0" encoding="UTF-8" ?>
<targets>
	<target renderer="opengl" tag="3">
		<vertex-elements>
			<vertex-element name="vert_Position" context="Position" index="0" />
			<vertex-element name="vert_Normal" context="Normal" index="1" />
			<vertex-element name="vert_Color" context="Color" index="2" />
			<vertex-element name="vert_Texture" context="Texture" index="3" />
		</vertex-elements>
		<fragment-outputs>
			<fragment-output name="out_Color" index="0" />
		</fragment-outputs>
		<shaders>
			<shader name="Vertex"><![CDATA[
				#version 150
				
				uniform mat4 holo_World;
				uniform mat4 holo_View;
				uniform mat4 holo_Projection;
				
				in vec3 vert_Position;
				in vec2 vert_Texture;
				
				smooth out vec2 frag_Texture;
				
				void main()
				{
					gl_Position = holo_Projection * holo_View * holo_World * vec4(vert_Position, 1.0);
					
					frag_Texture = vert_Texture;
				}
			]]></shader>
			<shader name="Fragment"><![CDATA[
				#version 150
				
				uniform sampler2D holo_DiffuseTexture;
				
				smooth in vec2 frag_Texture;
				
				out vec4 out_Color;
				
				void main()
				{
					if (texture(holo_DiffuseTexture, frag_Texture).a < 0.25)
						discard;
					
					out_Color = vec4(1.0, 0.0, 0.0, 1.0);
				}
			]]></shader>
		</shaders>
		<passes>
			<pass>
				<state>
					<change block="depth" name="mask" value="true" />
					<change block="depth" name="func" value="Less" />
					<change block="color" name="mask" red="false" green="false" blue="false" alpha="false" />
				</state>
				<params>
					<param name="holo_World" type="mat4" />
					<param name="holo_View" type="mat4" />
					<param name="holo_Projection" type="mat4" />
					<param name="holo_DiffuseTexture" type="texture" />
				</params>
			</pass>
		</passes>
	</target>
</targets>
