<?xml version="1.0" encoding="UTF-8" ?>
<targets>
	<target renderer="opengl" tag="3">
		<vertex-elements>
			<vertex-element name="vert_Position" context="Position" index="0" />
			<vertex-element name="vert_Texture" context="Texture" index="1" />
			<vertex-element name="vert_Color" context="Color" index="2" />
		</vertex-elements>
		<fragment-outputs>
			<fragment-output name="out_Color" index="0" />
		</fragment-outputs>
		<shaders>
			<shader name="Vertex"><![CDATA[
				#version 150
				
				uniform mat4 holo_World;
				uniform mat4 holo_View;
				uniform mat4 holo_Projection;
				
				in vec2 vert_Position;
				in vec2 vert_Texture;
				in vec4 vert_Color;
				
				smooth out vec2 frag_Texture;
				smooth out vec4 frag_Color;
				
				void main()
				{
					gl_Position = holo_Projection * holo_View * holo_World * vec4(vert_Position, 0.0, 1.0);
					
					frag_Texture = vert_Texture;
					frag_Color = vert_Color;
				}
			]]></shader>
			<shader name="Fragment"><![CDATA[
				#version 150
				
				uniform sampler2D holo_Texture;
				
				smooth in vec2 frag_Texture;
				smooth in vec4 frag_Color;
				
				out vec4 out_Color;
				
				void main()
				{
					out_Color = vec4(frag_Color.rgb, texture(holo_Texture, frag_Texture).r * frag_Color.a);
				}
			]]></shader>
		</shaders>
		<passes>
			<pass>
				<state>
					<change block="depth" name="mask" value="false" />
					<change block="depth" name="func" value="Always" />
					<change block="blend" name="func" src="SrcAlpha" dst="OneMinusSrcAlpha" />
					<change block="color" name="mask" red="true" green="true" blue="true" alpha="true" />
				</state>
				<params>
					<param name="holo_World" type="mat4" />
					<param name="holo_View" type="mat4" />
					<param name="holo_Projection" type="mat4" />
					<param name="holo_Texture" type="texture" />
				</params>
			</pass>
		</passes>
	</target>
</targets>
